{"cameraMode":{"drawMode":0,"name":"Shaded","section":"Shading Mode"},"sceneLighting":true,"audioPlay":false,"sceneViewState":{"m_AlwaysRefresh":false,"showFog":false,"showSkybox":true,"showFlares":true,"showImageEffects":true,"showParticleSystems":true,"showVisualEffectGraphs":true,"m_FxEnabled":true},"in2DMode":false,"pivot":{"x":3.8812313079833986,"y":-10.964622497558594,"z":47.667781829833987},"rotation":{"x":0.31755030155181887,"y":-0.19992515444755555,"z":0.06868001818656922,"w":0.9243780374526978},"size":40.789913177490237,"orthographic":false}