{"cameraMode":{"drawMode":31,"name":"Sprite Mask","section":"Miscellaneous"},"sceneLighting":true,"audioPlay":false,"sceneViewState":{"m_AlwaysRefresh":false,"showFog":false,"showSkybox":true,"showFlares":true,"showImageEffects":true,"showParticleSystems":true,"showVisualEffectGraphs":true,"m_FxEnabled":true},"in2DMode":false,"pivot":{"x":-1.3734105825424195,"y":17.085084915161134,"z":21.03270721435547},"rotation":{"x":0.18490824103355409,"y":-0.014740862883627415,"z":0.002773877466097474,"w":0.9826399683952332},"size":1.1222268342971802,"orthographic":false}