{"cameraMode":{"drawMode":0,"name":"Shaded","section":"Shading Mode"},"sceneLighting":false,"audioPlay":false,"sceneViewState":{"m_AlwaysRefresh":false,"showFog":false,"showSkybox":true,"showFlares":true,"showImageEffects":true,"showParticleSystems":true,"showVisualEffectGraphs":true,"m_FxEnabled":true},"in2DMode":false,"pivot":{"x":-0.12382645159959793,"y":-0.017219066619873048,"z":90.7784652709961},"rotation":{"x":0.03898932412266731,"y":0.0059954035095870499,"z":-0.0002339370403205976,"w":0.9992213845252991},"size":41.503971099853519,"orthographic":false}