{"cameraMode":{"drawMode":0,"name":"Shaded","section":"Shading Mode"},"sceneLighting":true,"audioPlay":false,"sceneViewState":{"m_AlwaysRefresh":false,"showFog":false,"showSkybox":true,"showFlares":true,"showImageEffects":true,"showParticleSystems":true,"showVisualEffectGraphs":true,"m_FxEnabled":true},"in2DMode":false,"pivot":{"x":-16.473756790161134,"y":10.839865684509278,"z":-17.533294677734376},"rotation":{"x":0.12492452561855316,"y":0.41470640897750857,"z":-0.057595718652009967,"w":0.8994944095611572},"size":0.004468146711587906,"orthographic":false}